{
  "IcoMoonType": "selection",
  "icons": [
    {
      "icon": {
        "paths": [
          "M771.516 320c18.126-12.88 35.512-27.216 51.444-43.148 33.402-33.402 55.746-74.5 62.912-115.722 7.858-45.186-3.672-87.14-31.63-115.1-22.3-22.298-52.51-34.086-87.364-34.086-49.632 0-101.922 23.824-143.46 65.362-66.476 66.476-105.226 158.238-126.076 223.722-15.44-65.802-46.206-154.644-106.018-214.458-32.094-32.092-73.114-48.57-111.846-48.57-31.654 0-61.78 11.004-84.26 33.486-49.986 49.988-43.232 137.786 15.086 196.104 20.792 20.792 45.098 38.062 70.72 52.412h-217.024v256h64v448h768v-448.002h64v-256h-188.484zM674.326 128.218c27.724-27.724 62.322-44.274 92.55-44.274 10.7 0 25.708 2.254 36.45 12.998 26.030 26.028 11.412 86.308-31.28 128.998-43.946 43.946-103.060 74.168-154.432 94.060h-50.672c18.568-57.548 52.058-136.456 107.384-191.782zM233.934 160.89c-0.702-9.12-0.050-26.248 12.196-38.494 10.244-10.244 23.788-12.396 33.348-12.396v0c21.258 0 43.468 10.016 60.932 27.48 33.872 33.872 61.766 87.772 80.668 155.876 0.51 1.84 1.008 3.67 1.496 5.486-1.816-0.486-3.646-0.984-5.486-1.496-68.104-18.904-122.002-46.798-155.874-80.67-15.828-15.826-25.77-36.16-27.28-55.786zM448 960h-256v-416h256v416zM448 512h-320v-128h320v128zM832 960h-256v-416h256v416zM896 512h-320v-128h320v128z"
        ],
        "attrs": [
          {}
        ],
        "isMulticolor": false,
        "isMulticolor2": false,
        "tags": [
          "gift",
          "present",
          "box"
        ],
        "grid": 16
      },
      "attrs": [
        {}
      ],
      "properties": {
        "order": 1,
        "id": 0,
        "prevSize": 32,
        "name": "gift"
      },
      "setIdx": 0,
      "setId": 2,
      "iconIdx": 0
    },
    {
      "icon": {
        "paths": [
          "M500.044 671.749l-128.796 335.525-55.22-124.027-124.027 55.22 127.293-331.609c50.579 38.469 112.955 62.225 180.751 64.89v0zM706.375 606.859l127.293 331.609-124.027-55.22-55.22 124.027-128.796-335.525c67.795-2.665 130.172-26.421 180.751-64.89v0 0zM512.834 640v0c-159.058 0-288-128.942-288-288s128.942-288 288-288c159.058 0 288 128.942 288 288s-128.942 288-288 288zM512.834 544c106.039 0 192-85.961 192-192s-85.961-192-192-192c-106.039 0-192 85.961-192 192s85.961 192 192 192v0zM512.834 512c88.366 0 160-71.634 160-160s-71.634-160-160-160c-88.366 0-160 71.634-160 160s71.634 160 160 160v0z"
        ],
        "attrs": [
          {}
        ],
        "isMulticolor": false,
        "isMulticolor2": false,
        "tags": [
          "award"
        ],
        "grid": 32
      },
      "attrs": [
        {}
      ],
      "properties": {
        "order": 1,
        "id": 0,
        "prevSize": 32,
        "name": "award"
      },
      "setIdx": 1,
      "setId": 1,
      "iconIdx": 0
    },
    {
      "icon": {
        "paths": [
          "M682 682l-256-138v278zM938 512v342q0 34-25 59t-59 25h-684q-34 0-59-25t-25-59v-342q0-34 25-60t59-26h684q34 0 59 26t25 60zM768 86v84h-512v-84h512zM854 342h-684v-86h684v86z"
        ],
        "attrs": [],
        "isMulticolor": false,
        "isMulticolor2": false,
        "tags": [
          "subscriptions"
        ],
        "grid": 24
      },
      "attrs": [],
      "properties": {
        "order": 3,
        "ligatures": "subscriptions",
        "id": 70,
        "prevSize": 24,
        "name": "subscriptions"
      },
      "setIdx": 2,
      "setId": 0,
      "iconIdx": 70
    },
    {
      "icon": {
        "paths": [
          "M726 512q0 18-13 30t-31 12h-426l-170 172v-598q0-18 12-30t30-12h554q18 0 31 12t13 30v384zM896 256q18 0 30 12t12 30v640l-170-170h-470q-18 0-30-12t-12-30v-86h554v-384h86z"
        ],
        "attrs": [],
        "isMulticolor": false,
        "isMulticolor2": false,
        "tags": [
          "forum, question_answer"
        ],
        "grid": 24
      },
      "attrs": [],
      "properties": {
        "order": 5,
        "ligatures": "forum, question_answer",
        "id": 102,
        "prevSize": 24,
        "name": "forumquestion_answer"
      },
      "setIdx": 2,
      "setId": 0,
      "iconIdx": 102
    },
    {
      "icon": {
        "paths": [
          "M86 896v-298l640-86-640-86v-298l896 384z"
        ],
        "attrs": [],
        "isMulticolor": false,
        "isMulticolor2": false,
        "tags": [
          "send"
        ],
        "grid": 24
      },
      "attrs": [],
      "properties": {
        "order": 6,
        "ligatures": "send",
        "id": 174,
        "prevSize": 24,
        "name": "send"
      },
      "setIdx": 2,
      "setId": 0,
      "iconIdx": 174
    },
    {
      "icon": {
        "paths": [
          "M298 214h598v84h-598v-84zM298 554v-84h598v84h-598zM298 810v-84h598v84h-598zM170 704q26 0 45 19t19 45-19 45-45 19-45-19-19-45 19-45 45-19zM170 192q26 0 45 18t19 46-19 46-45 18-45-18-19-46 19-46 45-18zM170 448q26 0 45 18t19 46-19 46-45 18-45-18-19-46 19-46 45-18z"
        ],
        "attrs": [],
        "isMulticolor": false,
        "isMulticolor2": false,
        "tags": [
          "format_list_bulleted"
        ],
        "grid": 24
      },
      "attrs": [],
      "properties": {
        "order": 9,
        "ligatures": "format_list_bulleted",
        "id": 277,
        "prevSize": 24,
        "name": "format_list_bulleted"
      },
      "setIdx": 2,
      "setId": 0,
      "iconIdx": 277
    },
    {
      "icon": {
        "paths": [
          "M362 576l-148 192h596l-192-256-148 192zM896 810q0 34-26 60t-60 26h-596q-34 0-60-26t-26-60v-596q0-34 26-60t60-26h596q34 0 60 26t26 60v596z"
        ],
        "attrs": [],
        "isMulticolor": false,
        "isMulticolor2": false,
        "tags": [
          "insert_photo, image, photo"
        ],
        "grid": 24
      },
      "attrs": [],
      "properties": {
        "order": 10,
        "ligatures": "insert_photo, image, photo",
        "id": 292,
        "prevSize": 24,
        "name": "insert_photoimagephoto"
      },
      "setIdx": 2,
      "setId": 0,
      "iconIdx": 292
    },
    {
      "icon": {
        "paths": [
          "M726 682h170v214h-214v-130l-170-180-170 180v130h-214v-214h170l172-170v-136q-38-14-62-46t-24-74q0-52 38-90t90-38 90 38 38 90q0 42-24 74t-62 46v136z"
        ],
        "attrs": [],
        "isMulticolor": false,
        "isMulticolor2": false,
        "tags": [
          "device_hub"
        ],
        "grid": 24
      },
      "attrs": [],
      "properties": {
        "order": 11,
        "ligatures": "device_hub",
        "id": 372,
        "prevSize": 24,
        "name": "device_hub"
      },
      "setIdx": 2,
      "setId": 0,
      "iconIdx": 372
    },
    {
      "icon": {
        "paths": [
          "M768 854v-428h-512v428h512zM380 256v86h264v-86q0-54-39-93t-93-39-93 39-39 93zM768 342q34 0 60 25t26 59v428q0 34-26 59t-60 25h-512q-34 0-60-25t-26-59v-428q0-34 26-59t60-25h42v-86q0-88 63-151t151-63 151 63 63 151v86h42zM512 726q-34 0-60-26t-26-60 26-60 60-26 60 26 26 60-26 60-60 26z"
        ],
        "attrs": [],
        "isMulticolor": false,
        "isMulticolor2": false,
        "tags": [
          "lock_outline"
        ],
        "grid": 24
      },
      "attrs": [],
      "properties": {
        "order": 13,
        "ligatures": "lock_outline",
        "id": 770,
        "prevSize": 24,
        "name": "lock_outline"
      },
      "setIdx": 2,
      "setId": 0,
      "iconIdx": 770
    },
    {
      "icon": {
        "paths": [
          "M810 854v-470h-596v470h596zM810 170q34 0 60 26t26 60v598q0 34-26 59t-60 25h-596q-36 0-61-24t-25-60v-598q0-34 25-60t61-26h42v-84h86v84h340v-84h86v84h42zM726 470v84h-86v-84h86zM554 470v84h-84v-84h84zM384 470v84h-86v-84h86z"
        ],
        "attrs": [],
        "isMulticolor": false,
        "isMulticolor2": false,
        "tags": [
          "date_range"
        ],
        "grid": 24
      },
      "attrs": [],
      "properties": {
        "order": 12,
        "ligatures": "date_range",
        "id": 872,
        "prevSize": 24,
        "name": "date_range"
      },
      "setIdx": 2,
      "setId": 0,
      "iconIdx": 872
    },
    {
      "icon": {
        "paths": [
          "M982 342q0 34-26 59t-60 25h-2q-14 0-20-2l-152 152q4 12 4 22 0 34-26 59t-60 25-60-25-26-59q0-10 4-22l-110-110q-12 4-22 4t-22-4l-194 194q4 12 4 22 0 34-26 60t-60 26-60-26-26-60 26-59 60-25q16 0 22 2l194-194q-2-6-2-22 0-34 25-60t59-26 60 26 26 60q0 16-2 22l108 108q6-2 22-2t22 2l152-150q-4-12-4-22 0-34 26-60t60-26 60 26 26 60z"
        ],
        "attrs": [],
        "isMulticolor": false,
        "isMulticolor2": false,
        "tags": [
          "timeline"
        ],
        "grid": 24
      },
      "attrs": [],
      "properties": {
        "order": 14,
        "ligatures": "timeline",
        "id": 884,
        "prevSize": 24,
        "name": "timeline"
      },
      "setIdx": 2,
      "setId": 0,
      "iconIdx": 884
    }
  ],
  "height": 1024,
  "preferences": {
    "showGlyphs": true,
    "showCodes": true,
    "showQuickUse": true,
    "showQuickUse2": true,
    "showSVGs": true,
    "fontPref": {
      "prefix": "icon-",
      "metadata": {},
      "metrics": {
        "emSize": 1024,
        "baseline": 6.25,
        "whitespace": 50
      }
    },
    "imagePref": {
      "prefix": "icon-",
      "png": false,
      "useClassSelector": true,
      "color": 0,
      "bgColor": 16777215,
      "name": "icomoon",
      "classSelector": ".icon",
      "height": 32,
      "columns": 16,
      "margin": 16
    },
    "historySize": 50
  }
}